{"$schema":"http://schema.management.azure.com/schemas/2015-01-01/deploymentTemplate.json#","contentVersion":"1.0.0.0","parameters":{"DRNE DATALAKE":{"type":"string"},"FTP_ARRAS-PBIGW-KEOLISNORD":{"type":"string"},"P_KSA_DRNE_NAVOCAP_BRONZESILVER_LKH":{"type":"string"}},"variables":{},"resources":[{"name":"P_KSA_EXPLDRNE_NAVOCAP_IMPULSE_BRONZE_PPL_CSV_CSV","type":"pipelines","apiVersion":"2018-06-01","properties":{"description":"Récupération des données de Navocap pour le mettre à disposition de Impulse","activities":[{"name":"Success","type":"Office365Outlook","dependsOn":[{"activity":"Table vers csv","dependencyConditions":["Succeeded"]}],"typeProperties":{"inputs":{"method":"post","path":"/v2/Mail","body":{"To":"drne-supervision-svc@keolis.com; si.drne@keolis.com","Subject":"SUCCESS Navocap csv","Body":"<p><span style=\"font-size: 18px; color: rgb(97,189,109)\"><strong>SUCCESS</strong></span></p>\n<p>Lien : <a href=\"https://app.fabric.microsoft.com/groups/137898d7-9166-4c21-b066-dd2e2dd723c9/pipelines/f898a3c7-3e29-4305-9149-44b70d06d089?language=en-US&amp;experience=data-factory\"><span style=\"color: rgb(0,0,0); font-size: 14px\">Navocap csv</span></a><span style=\"color: rgb(0,0,0); font-size: 14px\">&nbsp;</span></p>","Sensitivity":"","Importance":"Normal"}}}},{"name":"Fail","type":"Office365Outlook","dependsOn":[{"activity":"Pour chaque fichier de la liste","dependencyConditions":["Failed"]}],"typeProperties":{"inputs":{"method":"post","path":"/v2/Mail","body":{"To":"drne-supervision-svc@keolis.com; si.drne@keolis.com","Subject":"FAIL Navocap csv","Body":"<p><span style=\"font-size: 18px; color: rgb(226,80,65)\"><strong>FAIL</strong></span></p>\n<p>Lien : <a href=\"https://app.fabric.microsoft.com/groups/137898d7-9166-4c21-b066-dd2e2dd723c9/pipelines/f898a3c7-3e29-4305-9149-44b70d06d089?language=en-US&amp;experience=data-factory\"><span style=\"color: rgb(0, 0, 0); font-size: 14px\">Navocap csv</span></a><span style=\"color: rgb(0, 0, 0); font-size: 14px\">&nbsp;</span></p>","Sensitivity":"","Importance":"Normal"}}}},{"name":"Cle azure","type":"Lookup","dependsOn":[],"policy":{"timeout":"0.12:00:00","retry":0,"retryIntervalInSeconds":30,"secureOutput":false,"secureInput":false},"typeProperties":{"source":{"type":"DelimitedTextSource","storeSettings":{"type":"AzureBlobStorageReadSettings","recursive":true,"enablePartitionDiscovery":false},"formatSettings":{"type":"DelimitedTextReadSettings"}},"firstRowOnly":false,"datasetSettings":{"annotations":[],"type":"DelimitedText","typeProperties":{"location":{"type":"AzureBlobStorageLocation","fileName":"secret.txt","container":"secret"},"columnDelimiter":",","escapeChar":"\\","firstRowAsHeader":false,"quoteChar":"\""},"schema":[],"externalReferences":{"connection":"[parameters('DRNE DATALAKE')]"}}}},{"name":"Table vers csv","type":"TridentNotebook","dependsOn":[{"activity":"Cle azure","dependencyConditions":["Succeeded"]},{"activity":"csv vers tables sans doublons","dependencyConditions":["Succeeded"]}],"policy":{"timeout":"0.12:00:00","retry":0,"retryIntervalInSeconds":30,"secureOutput":false,"secureInput":false},"typeProperties":{"notebookId":"88145f31-d253-418e-9662-386b05d8782e","workspaceId":"84c84e57-9f4b-4896-8968-fa2878d883be","parameters":{"secret":{"value":{"value":"@activity('Cle azure').output.value[0].Prop_0","type":"Expression"},"type":"string"}}}},{"name":"csv vers tables sans doublons","description":"Copie des fichiers csv de la couche bronze vers les tables de la couche silver en enlevant tous les doublons","type":"TridentNotebook","dependsOn":[{"activity":"Pour chaque fichier de la liste","dependencyConditions":["Succeeded"]}],"policy":{"timeout":"0.12:00:00","retry":0,"retryIntervalInSeconds":30,"secureOutput":false,"secureInput":false},"typeProperties":{"notebookId":"754973f0-77e5-4811-82bc-7fdc7ff555bd","workspaceId":"84c84e57-9f4b-4896-8968-fa2878d883be"}},{"name":"Liste fichiers","type":"GetMetadata","dependsOn":[],"policy":{"timeout":"0.12:00:00","retry":0,"retryIntervalInSeconds":30,"secureOutput":false,"secureInput":false},"typeProperties":{"fieldList":["childItems"],"datasetSettings":{"annotations":[],"type":"Binary","typeProperties":{"location":{"type":"FtpServerLocation"}},"externalReferences":{"connection":"[parameters('FTP_ARRAS-PBIGW-KEOLISNORD')]"}},"storeSettings":{"type":"FtpReadSettings","recursive":true,"enablePartitionDiscovery":false,"useBinaryTransfer":true,"disableChunking":false},"formatSettings":{"type":"BinaryReadSettings"}}},{"name":"Pour chaque fichier de la liste","type":"ForEach","dependsOn":[{"activity":"Liste fichiers","dependencyConditions":["Succeeded"]}],"typeProperties":{"items":{"value":"@activity('Liste fichiers').output.childItems","type":"Expression"},"batchCount":1,"activities":[{"name":"Date fichier","type":"SetVariable","dependsOn":[{"activity":"Annee fichier","dependencyConditions":["Succeeded"]}],"policy":{"secureOutput":false,"secureInput":false},"typeProperties":{"variableName":"fileDate","value":{"value":"@split(item().name,'-')[2]","type":"Expression"}}},{"name":"Mois fichier","type":"SetVariable","dependsOn":[{"activity":"Date fichier","dependencyConditions":["Succeeded"]}],"policy":{"secureOutput":false,"secureInput":false},"typeProperties":{"variableName":"fileMonth","value":{"value":"@split(item().name,'-')[1]","type":"Expression"}}},{"name":"Debut nom fichier","type":"SetVariable","dependsOn":[],"policy":{"secureOutput":false,"secureInput":false},"typeProperties":{"variableName":"fileNameBegin","value":{"value":"@split(item().name,'_')[1]","type":"Expression"}}},{"name":"Date complete","type":"SetVariable","dependsOn":[{"activity":"Mois fichier","dependencyConditions":["Succeeded"]}],"policy":{"secureOutput":false,"secureInput":false},"typeProperties":{"variableName":"completeFileDate","value":{"value":"@concat(variables('fileYear'),'-',variables('fileMonth'),'-',variables('fileDate'))","type":"Expression"}}},{"name":"Annee fichier","type":"SetVariable","dependsOn":[{"activity":"Debut nom fichier","dependencyConditions":["Succeeded"]}],"policy":{"secureOutput":false,"secureInput":false},"typeProperties":{"variableName":"fileYear","value":{"value":"@split(variables('fileNameBegin'),'-' )[0]","type":"Expression"}}},{"name":"Condition date","description":"23 jours d'arriéré","type":"IfCondition","dependsOn":[{"activity":"Date complete","dependencyConditions":["Succeeded"]},{"activity":"Fichier en cours","dependencyConditions":["Succeeded"]}],"typeProperties":{"expression":{"value":"@greater(variables('completeFileDate'), formatDateTime(addDays(utcNow(), -24),'yyyy-MM-dd'))","type":"Expression"},"ifFalseActivities":[],"ifTrueActivities":[{"name":"FTP vers LKH","type":"Copy","dependsOn":[],"policy":{"timeout":"0.12:00:00","retry":0,"retryIntervalInSeconds":30,"secureOutput":false,"secureInput":false},"typeProperties":{"source":{"type":"DelimitedTextSource","storeSettings":{"type":"FtpReadSettings","recursive":true,"enablePartitionDiscovery":false,"useBinaryTransfer":true,"disableChunking":false},"formatSettings":{"type":"DelimitedTextReadSettings"},"datasetSettings":{"annotations":[],"type":"DelimitedText","typeProperties":{"location":{"type":"FtpServerLocation","fileName":{"value":"@variables('currentFile')","type":"Expression"}},"columnDelimiter":";","encodingName":"WINDOWS-1252","escapeChar":"\\","firstRowAsHeader":true,"quoteChar":"\""},"schema":[],"externalReferences":{"connection":"[parameters('FTP_ARRAS-PBIGW-KEOLISNORD')]"}}},"sink":{"type":"DelimitedTextSink","storeSettings":{"type":"LakehouseWriteSettings","copyBehavior":"MergeFiles"},"formatSettings":{"type":"DelimitedTextWriteSettings","quoteAllText":true,"fileExtension":".csv"},"datasetSettings":{"annotations":[],"linkedService":{"name":"P_KSA_DRNE_NAVOCAP_BRONZESILVER_LKH","properties":{"annotations":[],"type":"Lakehouse","typeProperties":{"workspaceId":"84c84e57-9f4b-4896-8968-fa2878d883be","artifactId":"[parameters('P_KSA_DRNE_NAVOCAP_BRONZESILVER_LKH')]","rootFolder":"Files"}}},"type":"DelimitedText","typeProperties":{"location":{"type":"LakehouseLocation","fileName":{"value":"@variables('currentFile')","type":"Expression"}},"columnDelimiter":";","encodingName":"WINDOWS-1252","escapeChar":"\\","firstRowAsHeader":true,"quoteChar":"\""},"schema":[]}},"enableStaging":false,"translator":{"type":"TabularTranslator","typeConversion":true,"typeConversionSettings":{"allowDataTruncation":true,"treatBooleanAsNumber":false}}}}]}},{"name":"Fichier en cours","type":"SetVariable","dependsOn":[],"policy":{"secureOutput":false,"secureInput":false},"typeProperties":{"variableName":"currentFile","value":{"value":"@item().name","type":"Expression"}}}]}}],"variables":{"fileDate":{"type":"String"},"fileYear":{"type":"String"},"fileMonth":{"type":"String"},"completeFileDate":{"type":"String"},"fileNameBegin":{"type":"String"},"currentFile":{"type":"String"}},"lastModifiedByObjectId":"287faae3-cc1f-4a3f-8b30-4ccfebc89b76","lastPublishTime":"2025-02-12T09:31:32Z","extraTridentInfo":"{\"folderObjectId\":\"84c84e57-9f4b-4896-8968-fa2878d883be\",\"capacityObjectId\":\"AA202FFF-F29E-4754-AFEF-D1BC6B3C004D\",\"artifactType\":\"Pipeline\",\"provisionState\":\"Active\",\"lastUpdatedDate\":\"2025-02-12T09:31:32.082Z\",\"createdDate\":\"2025-01-22T09:55:24.773Z\",\"ownerUser\":{\"id\":3763423,\"name\":\"Helene DUBOURG\",\"objectId\":\"287faae3-cc1f-4a3f-8b30-4ccfebc89b76\",\"userPrincipalName\":\"helene.dubourg-adm@keolisgroup.onmicrosoft.com\",\"aadAppId\":null,\"type\":null},\"ownerUserId\":3763423,\"createdByUser\":{\"id\":3763423,\"name\":\"Helene DUBOURG\",\"objectId\":\"287faae3-cc1f-4a3f-8b30-4ccfebc89b76\",\"userPrincipalName\":\"helene.dubourg-adm@keolisgroup.onmicrosoft.com\",\"aadAppId\":null,\"type\":null},\"createdByUserId\":3763423,\"modifiedByUser\":{\"id\":3763423,\"name\":\"Helene DUBOURG\",\"objectId\":\"287faae3-cc1f-4a3f-8b30-4ccfebc89b76\",\"userPrincipalName\":\"helene.dubourg-adm@keolisgroup.onmicrosoft.com\",\"aadAppId\":null,\"type\":null},\"modifiedByUserId\":3763423,\"artifactRelations\":[{\"dependentArtifactObjectId\":\"d3f0d2ec-a20a-4ad4-984d-a6b7f5c9eac6\",\"settings\":0},{\"dependentArtifactObjectId\":\"88145f31-d253-418e-9662-386b05d8782e\",\"settings\":0},{\"dependentArtifactObjectId\":\"754973f0-77e5-4811-82bc-7fdc7ff555bd\",\"settings\":0}],\"permissions\":71,\"artifactPermissions\":7,\"subfolderId\":28971,\"systemArtifactType\":\"None\",\"etag\":\"\\\"d525d28b639b4831b60e38137ef06cf6\\\"\"}"},"dependsOn":[]}]}